implementation,model_size,ttt_type,backward,batch,seq_len,mini_batch,dtype,time_ms,throughput,checkpoint_interval,failed,inner_only
"burn","1b","fused-naive-multi",false,1,512,16,"bfloat16",2776.0707376,184.43334064413648,1,false,"false"
"burn","1b","fused-naive-multi",false,1,512,16,"float32",423.27076040000003,1209.627614050517,1,false,"false"
"burn","1b","fused-naive-multi",true,1,512,16,"float32",3397.3413248,150.7060819183781,1,false,"false"
"burn","1b","fused-naive-multi",true,1,1024,16,"float32",11457.319543000001,89.37518030782569,1,false,"false"
"burn","1b","fused-naive-multi",false,1,2048,16,"float32",1385.7233966,1477.9284271485612,1,false,"false"
"burn","1b","fused-naive",false,1,512,16,"bfloat16",2724.7456960000004,187.9074442622773,1,false,"false"
"burn","1b","fused-naive",false,1,512,16,"float32",490.1274738,1044.6261990384266,1,false,"false"
"burn","1b","fused-naive",false,1,2048,16,"float32",1642.6385038,1246.7746222082683,1,false,"false"
"burn","1b","fused-tile-multi",false,1,512,16,"bfloat16",2696.0520703999996,189.9073113688183,1,false,"false"
"burn","1b","fused-tile-multi",false,1,512,16,"float32",569.322575,899.3144176655913,1,false,"false"
"burn","1b","fused-tile-multi",true,1,2048,16,"bfloat16",24661.8264104,83.04332233627066,1,false,"false"
"burn","1b","fused-tile-multi",false,1,2048,16,"float32",1936.4166448,1057.6236294496036,1,false,"false"
"burn","1b","fused-tile",false,1,512,16,"bfloat16",2882.106985,177.64781205719189,1,false,"false"
"burn","1b","fused-tile",false,1,512,16,"float32",766.0024952000001,668.4051334145053,1,false,"false"
"burn","1b","fused-tile",false,1,2048,16,"float32",2705.9222456,756.858406899968,1,false,"false"
"burn","1b","linear",false,1,2048,16,"bfloat16",7907.4630118,258.99583683715616,1,false,"false"
"burn","1b","linear",false,1,2048,16,"float32",5317.035930800002,385.177009644894,1,false,"false"
"burn","1b","mlp",false,1,2048,16,"float32",8655.158668800002,236.62188971562156,1,false,"false"
"burn","125m-h32","fused-naive",false,2,2048,16,"float32",486.01065439999996,8427.798779548732,1,false,"false"
"burn","125m-h32","fused-naive",false,4,2048,16,"float32",589.1263804,13905.335548609903,1,false,"false"
"burn","125m-h32","fused-naive",false,8,2048,16,"float32",1023.5610092000003,16006.862173076997,1,false,"false"
"burn","125m-h32","fused-naive",false,16,2048,16,"float32",1905.2888510000002,17198.442106456223,1,false,"false"
"burn","125m-h32","fused-naive-multi",false,1,512,16,"bfloat16",258.83052819999995,1978.128328063274,1,false,"false"
"burn","125m-h32","fused-naive-multi",false,1,512,16,"float32",53.86016179999999,9506.098438790803,1,false,"false"
"burn","125m-h32","fused-naive-multi",true,1,512,16,"float32",210.0323194,2437.7200683334454,1,false,"false"
"burn","125m-h32","fused-naive-multi",false,2,512,16,"bfloat16",464.25593399999997,2205.6799386004186,1,false,"false"
"burn","125m-h32","fused-naive-multi",false,2,512,16,"float32",86.3024314,11865.250878667597,1,false,"false"
"burn","125m-h32","fused-naive-multi",false,4,512,16,"bfloat16",846.5823894000002,2419.138439025979,1,false,"false"
"burn","125m-h32","fused-naive-multi",false,4,512,16,"float32",153.46612340000001,13344.964703786867,1,false,"false"
"burn","125m-h32","fused-naive-multi",false,8,512,16,"bfloat16",1543.0842643999997,2654.424061276171,1,false,"false"
"burn","125m-h32","fused-naive-multi",false,8,512,16,"float32",278.9567396,14683.280303151349,1,false,"false"
"burn","125m-h32","fused-naive-multi",false,16,512,16,"bfloat16",2959.3190796000004,2768.2043671705997,1,false,"false"
"burn","125m-h32","fused-naive-multi",false,16,512,16,"float32",540.9939234,15142.499103345752,1,false,"false"
"burn","125m-h32","fused-naive-multi",false,1,2048,8,"float32",131.01549420000003,15631.73892145651,1,false,"false"
"burn","125m-h32","fused-naive-multi",true,1,2048,16,"bfloat16",76.56754199999999,26747.626298360214,1,false,"true"
"burn","125m-h32","fused-naive-multi",false,1,2048,16,"bfloat16",5.9400058,344780.80812648364,1,false,"true"
"burn","125m-h32","fused-naive-multi",false,1,2048,16,"float32",127.6840944,16039.585898492302,1,false,"false"
"burn","125m-h32","fused-naive-multi",true,1,2048,16,"float32",633.0967442,3234.8926428107197,1,false,"false"
"burn","125m-h32","fused-naive-multi",true,1,2048,16,"float32",633.6613555999999,3232.010255794744,1,false,"false"
"burn","125m-h32","fused-naive-multi",true,1,2048,16,"float32",640.7016287999999,3196.495697749037,2,false,"false"
"burn","125m-h32","fused-naive-multi",true,1,2048,16,"float32",653.8776122,3132.08460083136,4,false,"false"
"burn","125m-h32","fused-naive-multi",true,1,2048,16,"float32",684.1806928000001,2993.361288256452,8,false,"false"
"burn","125m-h32","fused-naive-multi",true,1,2048,16,"float32",746.9080414,2741.970746708311,16,false,"false"
"burn","125m-h32","fused-naive-multi",true,1,2048,16,"float32",26.509736800000006,77254.6334748974,1,false,"true"
"burn","125m-h32","fused-naive-multi",false,1,2048,16,"float32",2.0160116,1015867.1706055659,1,false,"true"
"burn","125m-h32","fused-naive-multi",true,2,2048,16,"bfloat16",148.70646879999998,27544.195172227774,1,false,"true"
"burn","125m-h32","fused-naive-multi",false,2,2048,16,"bfloat16",7.804237600000001,524843.0673099956,1,false,"true"
"burn","125m-h32","fused-naive-multi",true,2,2048,16,"float32",52.494942,78026.56492124517,1,false,"true"
"burn","125m-h32","fused-naive-multi",false,2,2048,16,"float32",3.8507697999999997,1063683.422467892,1,false,"true"
"burn","125m-h32","fused-naive-multi",true,4,2048,16,"bfloat16",294.8707418,27781.664433687125,1,false,"true"
"burn","125m-h32","fused-naive-multi",false,4,2048,16,"bfloat16",14.918304999999998,549124.0459288104,1,false,"true"
"burn","125m-h32","fused-naive-multi",true,4,2048,16,"float32",104.93243240000001,78069.285278476,1,false,"true"
"burn","125m-h32","fused-naive-multi",false,4,2048,16,"float32",7.834450599999999,1045638.0949035534,1,false,"true"
"burn","125m-h32","fused-naive-multi",true,8,2048,16,"bfloat16",515.4836004,31783.746344765386,1,false,"true"
"burn","125m-h32","fused-naive-multi",false,8,2048,16,"bfloat16",25.6299672,639251.6959600323,1,false,"true"
"burn","125m-h32","fused-naive-multi",true,8,2048,16,"float32",183.1790406,89442.54728234449,1,false,"true"
"burn","125m-h32","fused-naive-multi",false,8,2048,16,"float32",13.462010600000001,1217054.4569323098,1,false,"true"
"burn","125m-h32","fused-naive-multi",true,16,2048,16,"bfloat16",958.4447464,34188.72097017527,1,false,"true"
"burn","125m-h32","fused-naive-multi",false,16,2048,16,"bfloat16",46.3715374,706640.3625427351,1,false,"true"
"burn","125m-h32","fused-naive-multi",true,16,2048,16,"float32",340.19940979999996,96319.97897722397,1,false,"true"
"burn","125m-h32","fused-naive-multi",false,16,2048,16,"float32",24.8959532,1316197.846965747,1,false,"true"
"burn","125m-h32","fused-naive-multi",false,1,2048,32,"float32",130.66710099999997,15673.4172896359,1,false,"false"
"burn","125m-h32","fused-naive-multi",false,1,4096,16,"float32",253.0298232,16187.815128663458,1,false,"false"
"burn","125m-h32","fused-naive-multi",false,1,8192,16,"float32",488.5866794,16766.72808611982,1,false,"false"
"burn","125m-h32","fused-naive",false,1,512,16,"bfloat16",290.44190180000004,1762.8310406553053,1,false,"false"
"burn","125m-h32","fused-naive",false,1,512,16,"float32",136.0448206,3763.4655824596675,1,false,"false"
"burn","125m-h32","fused-naive",true,1,512,16,"float32",947.9378121999999,540.119819476065,1,false,"false"
"burn","125m-h32","fused-naive",false,2,512,16,"bfloat16",494.934053,2068.962508829434,1,false,"false"
"burn","125m-h32","fused-naive",false,2,512,16,"float32",133.9103772,7646.905500614183,1,false,"false"
"burn","125m-h32","fused-naive",false,4,512,16,"bfloat16",878.0346293999999,2332.4820359300516,1,false,"false"
"burn","125m-h32","fused-naive",false,4,512,16,"float32",177.004853,11570.304233409917,1,false,"false"
"burn","125m-h32","fused-naive",false,8,512,16,"bfloat16",1574.7128536,2601.1091423023618,1,false,"false"
"burn","125m-h32","fused-naive",false,8,512,16,"float32",294.92408859999995,13888.319599269249,1,false,"false"
"burn","125m-h32","fused-naive",false,16,512,16,"bfloat16",2951.8581276,2775.201126166752,1,false,"false"
"burn","125m-h32","fused-naive",false,16,512,16,"float32",540.163316,15165.78367569115,1,false,"false"
"burn","125m-h32","fused-naive",false,1,2048,8,"float32",883.6376470000001,2317.6921071132224,1,false,"false"
"burn","125m-h32","fused-naive",true,1,2048,16,"bfloat16",376.33367840000005,5441.979066840806,1,false,"true"
"burn","125m-h32","fused-naive",false,1,2048,16,"bfloat16",26.1706754,78255.5271768034,1,false,"true"
"burn","125m-h32","fused-naive",false,1,2048,16,"float32",458.81905140000003,4463.633307620757,1,false,"false"
"burn","125m-h32","fused-naive",true,1,2048,16,"float32",7555.8376842,271.0487024201922,1,false,"false"
"burn","125m-h32","fused-naive",true,1,2048,16,"float32",318.2750944,6434.685076005746,1,false,"true"
"burn","125m-h32","fused-naive",false,1,2048,16,"float32",26.311957800000002,77835.33310470724,1,false,"true"
"burn","125m-h32","fused-naive",true,2,2048,16,"bfloat16",324.2251518,12633.196336743917,1,false,"true"
"burn","125m-h32","fused-naive",false,2,2048,16,"bfloat16",23.509930400000002,174224.25036188113,1,false,"true"
"burn","125m-h32","fused-naive",true,2,2048,16,"float32",242.04365140000002,16922.567381166187,1,false,"true"
"burn","125m-h32","fused-naive",false,2,2048,16,"float32",24.326046799999997,168379.1876944017,1,false,"true"
"burn","125m-h32","fused-naive",true,4,2048,16,"bfloat16",375.41534120000006,21821.16472335574,1,false,"true"
"burn","125m-h32","fused-naive",false,4,2048,16,"bfloat16",25.809122600000002,317407.14812211395,1,false,"true"
"burn","125m-h32","fused-naive",true,4,2048,16,"float32",271.56208860000004,30166.213709110496,1,false,"true"
"burn","125m-h32","fused-naive",false,4,2048,16,"float32",24.9496524,328341.24775221315,1,false,"true"
"burn","125m-h32","fused-naive",true,8,2048,16,"bfloat16",510.1736298,32114.55677633301,1,false,"true"
"burn","125m-h32","fused-naive",false,8,2048,16,"bfloat16",35.1411118,466234.5372920159,1,false,"true"
"burn","125m-h32","fused-naive",true,8,2048,16,"float32",288.02070860000003,56884.798595346554,1,false,"true"
"burn","125m-h32","fused-naive",false,8,2048,16,"float32",29.0760578,563487.6678502131,1,false,"true"
"burn","125m-h32","fused-naive",true,16,2048,16,"bfloat16",854.578974,38344.02787447939,1,false,"true"
"burn","125m-h32","fused-naive",false,16,2048,16,"bfloat16",56.1238722,583851.3758143722,1,false,"true"
"burn","125m-h32","fused-naive",true,16,2048,16,"float32",323.0864438,101421.77311618917,1,false,"true"
"burn","125m-h32","fused-naive",false,16,2048,16,"float32",27.896078600000003,1174645.3854628871,1,false,"true"
"burn","125m-h32","fused-naive",false,1,2048,32,"float32",250.08703520000003,8189.149023107775,1,false,"false"
"burn","125m-h32","fused-naive",false,1,4096,16,"float32",924.9932024,4428.140649436626,1,false,"false"
"burn","125m-h32","fused-naive",false,1,8192,16,"float32",1849.9732684,4428.172093040606,1,false,"false"
"burn","125m-h32","fused-tile",false,2,2048,16,"float32",865.6642792,4731.626449673194,1,false,"false"
"burn","125m-h32","fused-tile",false,4,2048,16,"float32",1077.4865653999998,7602.879017761906,1,false,"false"
"burn","125m-h32","fused-tile",false,8,2048,16,"float32",1545.9678584,10597.891742042184,1,false,"false"
"burn","125m-h32","fused-tile",false,16,2048,16,"float32",2383.8558547999996,13745.797563229411,1,false,"false"
"burn","125m-h32","fused-tile-multi",false,1,512,16,"bfloat16",259.1789152,1975.4693378699656,1,false,"false"
"burn","125m-h32","fused-tile-multi",false,1,512,16,"float32",119.8023868,4273.704503523298,1,false,"false"
"burn","125m-h32","fused-tile-multi",true,1,512,16,"float32",785.2769558,651.9992675430041,1,false,"false"
"burn","125m-h32","fused-tile-multi",false,2,512,16,"bfloat16",451.94855580000007,2265.744600483133,1,false,"false"
"burn","125m-h32","fused-tile-multi",false,2,512,16,"float32",147.89753560000003,6923.712392135355,1,false,"false"
"burn","125m-h32","fused-tile-multi",false,4,512,16,"bfloat16",798.3269028000001,2565.365131523161,1,false,"false"
"burn","125m-h32","fused-tile-multi",false,4,512,16,"float32",206.8278072,9901.95674230404,1,false,"false"
"burn","125m-h32","fused-tile-multi",false,8,512,16,"bfloat16",1449.1701973999998,2826.4450975798136,1,false,"false"
"burn","125m-h32","fused-tile-multi",false,8,512,16,"float32",318.9056388,12843.924665028531,1,false,"false"
"burn","125m-h32","fused-tile-multi",false,16,512,16,"bfloat16",2792.4253123999997,2933.6505308209084,1,false,"false"
"burn","125m-h32","fused-tile-multi",false,16,512,16,"float32",556.7035224,14715.193402555702,1,false,"false"
"burn","125m-h32","fused-tile-multi",false,1,2048,8,"float32",454.18930040000004,4509.133082167164,1,false,"false"
"burn","125m-h32","fused-tile-multi",true,1,2048,16,"bfloat16",3162.9732354,647.4920423223256,1,false,"false"
"burn","125m-h32","fused-tile-multi",true,1,2048,16,"bfloat16",162.35713820000004,12614.166661875786,1,false,"true"
"burn","125m-h32","fused-tile-multi",false,1,2048,16,"bfloat16",12.5958198,162593.62491038497,1,false,"true"
"burn","125m-h32","fused-tile-multi",false,1,2048,16,"float32",381.3294376,5370.684237990233,1,false,"false"
"burn","125m-h32","fused-tile-multi",true,1,2048,16,"float32",2911.0136236000003,703.5350104158131,1,false,"false"
"burn","125m-h32","fused-tile-multi",true,1,2048,16,"float32",2912.8526056,703.0908450577593,1,false,"false"
"burn","125m-h32","fused-tile-multi",true,1,2048,16,"float32",3519.8695377999998,581.8397466174407,2,false,"false"
"burn","125m-h32","fused-tile-multi",true,1,2048,16,"float32",3717.7829626,550.8659382762216,4,false,"false"
"burn","125m-h32","fused-tile-multi",true,1,2048,16,"float32",4133.1128476,495.510303133684,8,false,"false"
"burn","125m-h32","fused-tile-multi",true,1,2048,16,"float32",4883.970905,419.3309173695825,16,false,"false"
"burn","125m-h32","fused-tile-multi",true,1,2048,16,"float32",217.794536,9403.358034657032,1,false,"true"
"burn","125m-h32","fused-tile-multi",false,1,2048,16,"float32",22.981516799999998,89115.09269919034,1,false,"true"
"burn","125m-h32","fused-tile-multi",true,2,2048,16,"bfloat16",167.9155648,24393.21217707627,1,false,"true"
"burn","125m-h32","fused-tile-multi",false,2,2048,16,"bfloat16",12.5715668,325814.59933856456,1,false,"true"
"burn","125m-h32","fused-tile-multi",true,2,2048,16,"float32",220.66556879999996,18562.02588502788,1,false,"true"
"burn","125m-h32","fused-tile-multi",false,2,2048,16,"float32",23.126061599999996,177116.19344644487,1,false,"true"
"burn","125m-h32","fused-tile-multi",true,4,2048,16,"bfloat16",171.5827502,47743.72709640832,1,false,"true"
"burn","125m-h32","fused-tile-multi",false,4,2048,16,"bfloat16",13.3711882,612660.5861399812,1,false,"true"
"burn","125m-h32","fused-tile-multi",true,4,2048,16,"float32",225.5099488,36326.556959424044,1,false,"true"
"burn","125m-h32","fused-tile-multi",false,4,2048,16,"float32",24.361943800000002,336262.16640397965,1,false,"true"
"burn","125m-h32","fused-tile-multi",true,8,2048,16,"bfloat16",180.061284,90991.24273711166,1,false,"true"
"burn","125m-h32","fused-tile-multi",false,8,2048,16,"bfloat16",14.8111828,1106191.1949395426,1,false,"true"
"burn","125m-h32","fused-tile-multi",true,8,2048,16,"float32",244.8169542,66923.469632807,1,false,"true"
"burn","125m-h32","fused-tile-multi",false,8,2048,16,"float32",26.323064799999997,622419.9242939219,1,false,"true"
"burn","125m-h32","fused-tile-multi",true,16,2048,16,"bfloat16",216.40312279999998,151421.10509322098,1,false,"true"
"burn","125m-h32","fused-tile-multi",false,16,2048,16,"bfloat16",29.692378,1103582.8790809547,1,false,"true"
"burn","125m-h32","fused-tile-multi",true,16,2048,16,"float32",453.66992980000003,72228.7236768056,1,false,"true"
"burn","125m-h32","fused-tile-multi",false,16,2048,16,"float32",29.237317400000002,1120759.457911142,1,false,"true"
"burn","125m-h32","fused-tile-multi",false,1,2048,32,"float32",451.35446300000007,4537.453748407933,1,false,"false"
"burn","125m-h32","fused-tile-multi",false,1,4096,16,"float32",785.9537964,5211.50227756569,1,false,"false"
"burn","125m-h32","fused-tile-multi",false,1,8192,16,"float32",1551.2057369999998,5281.053186306002,1,false,"false"
"burn","125m-h32","fused-tile",false,1,512,16,"bfloat16",293.4299394,1744.8798886948207,1,false,"false"
"burn","125m-h32","fused-tile",false,1,512,16,"float32",213.1201486,2402.4007273050483,1,false,"false"
"burn","125m-h32","fused-tile",false,2,512,16,"bfloat16",485.46090680000003,2109.3356553669255,1,false,"false"
"burn","125m-h32","fused-tile",false,2,512,16,"float32",241.1197766,4246.8519772177,1,false,"false"
"burn","125m-h32","fused-tile",false,4,512,16,"bfloat16",830.8949046,2464.812323028897,1,false,"false"
"burn","125m-h32","fused-tile",false,4,512,16,"float32",313.1235564,6540.549115965521,1,false,"false"
"burn","125m-h32","fused-tile",false,8,512,16,"bfloat16",1480.3009416,2767.0049277769103,1,false,"false"
"burn","125m-h32","fused-tile",false,8,512,16,"float32",425.5441129999999,9625.324084791182,1,false,"false"
"burn","125m-h32","fused-tile",false,16,512,16,"bfloat16",2794.4939548,2931.478876856721,1,false,"false"
"burn","125m-h32","fused-tile",false,16,512,16,"float32",656.8969657999999,12470.75329389503,1,false,"false"
"burn","125m-h32","fused-tile",false,1,2048,8,"float32",1197.9926576,1709.5263372505665,1,false,"false"
"burn","125m-h32","fused-tile",true,1,2048,16,"bfloat16",534.4509958,3831.969658760621,1,false,"true"
"burn","125m-h32","fused-tile",false,1,2048,16,"bfloat16",25.329401600000004,80854.653905444,1,false,"true"
"burn","125m-h32","fused-tile",false,1,2048,16,"float32",747.3976789999999,2740.1744179085154,1,false,"false"
"burn","125m-h32","fused-tile",false,1,2048,16,"float32",60.3429886,33939.320002456756,1,false,"true"
"burn","125m-h32","fused-tile",false,2,2048,16,"bfloat16",24.7289608,165635.75126052205,1,false,"true"
"burn","125m-h32","fused-tile",false,2,2048,16,"float32",58.98919140000001,69436.44933569981,1,false,"true"
"burn","125m-h32","fused-tile",false,4,2048,16,"bfloat16",25.589311800000004,320133.65830338583,1,false,"true"
"burn","125m-h32","fused-tile",false,4,2048,16,"float32",59.8050656,136978.36325088824,1,false,"true"
"burn","125m-h32","fused-tile",false,8,2048,16,"bfloat16",26.844871,610321.4278809534,1,false,"true"
"burn","125m-h32","fused-tile",false,8,2048,16,"float32",62.19675719999999,263422.0936521752,1,false,"true"
"burn","125m-h32","fused-tile",false,16,2048,16,"bfloat16",34.2618858,956398.0275715004,1,false,"true"
"burn","125m-h32","fused-tile",false,16,2048,16,"float32",67.46091000000001,485733.1453133377,1,false,"true"
"burn","125m-h32","fused-tile",false,1,2048,32,"float32",641.2452932,3193.7856257468743,1,false,"false"
"burn","125m-h32","fused-tile",false,1,4096,16,"float32",1501.6415708,2727.6815450825957,1,false,"false"
"burn","125m-h32","fused-tile",false,1,8192,16,"float32",3217.6432396,2545.962802581676,1,false,"false"
"burn","125m-h32","linear",false,1,512,16,"float32",551.1762684000001,928.9224325391871,1,false,"false"
"burn","125m-h32","linear",true,1,512,16,"float32",5798.9172222,88.29234499846108,1,false,"false"
"burn","125m-h32","linear",false,1,2048,8,"float32",4235.000099399999,483.5891267842363,1,false,"false"
"burn","125m-h32","linear",false,1,2048,16,"bfloat16",3184.7798920000005,643.0585690221382,1,false,"false"
"burn","125m-h32","linear",true,1,2048,16,"bfloat16",1505.2527734,1360.5688268383428,1,false,"true"
"burn","125m-h32","linear",false,1,2048,16,"bfloat16",209.22168280000002,9788.660394045926,1,false,"true"
"burn","125m-h32","linear",false,1,2048,16,"float32",2173.3002038,942.3456531311627,1,false,"false"
"burn","125m-h32","linear",true,1,2048,16,"float32",1101.4202008,1859.417503430994,1,false,"true"
"burn","125m-h32","linear",false,1,2048,16,"float32",161.5929794,12673.817931968893,1,false,"true"
"burn","125m-h32","linear",true,2,2048,16,"bfloat16",858.2941762,4772.256545109713,1,false,"true"
"burn","125m-h32","linear",false,2,2048,16,"bfloat16",228.93450519999996,17891.579936461236,1,false,"true"
"burn","125m-h32","linear",true,2,2048,16,"float32",800.2066702000001,5118.677652332321,1,false,"true"
"burn","125m-h32","linear",false,2,2048,16,"float32",180.62617659999998,22676.668892076857,1,false,"true"
"burn","125m-h32","linear",true,4,2048,16,"bfloat16",1079.3831464000002,7589.520021062281,1,false,"true"
"burn","125m-h32","linear",false,4,2048,16,"bfloat16",216.87818859999996,37772.35531558659,1,false,"true"
"burn","125m-h32","linear",true,4,2048,16,"float32",840.2882644,9749.03535734778,1,false,"true"
"burn","125m-h32","linear",false,4,2048,16,"float32",172.1866508,47576.27819542907,1,false,"true"
"burn","125m-h32","linear",true,8,2048,16,"bfloat16",944.9699428,17338.117603458657,1,false,"true"
"burn","125m-h32","linear",false,8,2048,16,"bfloat16",217.1958888,75434.2086791838,1,false,"true"
"burn","125m-h32","linear",true,8,2048,16,"float32",810.7418815999999,20208.651325211125,1,false,"true"
"burn","125m-h32","linear",false,8,2048,16,"float32",192.0653052,85304.31866879412,1,false,"true"
"burn","125m-h32","linear",true,16,2048,16,"bfloat16",940.2284384,34851.10496738619,1,false,"true"
"burn","125m-h32","linear",false,16,2048,16,"bfloat16",226.3625344,144758.93763451345,1,false,"true"
"burn","125m-h32","linear",true,16,2048,16,"float32",787.9608412000001,41585.82290726149,1,false,"true"
"burn","125m-h32","linear",false,16,2048,16,"float32",171.80165600000004,190731.5724593481,1,false,"true"
"burn","125m-h32","linear",false,1,2048,32,"float32",1321.5481201999999,1549.6976377145168,1,false,"false"
"burn","125m-h32","linear",false,1,2048,64,"float32",584.9361853999999,3501.2366325046305,1,false,"false"
"burn","125m-h32","mlp",false,1,2048,16,"float32",3702.8731067999997,553.0840352695394,1,false,"false"
"burn","125m","fused-naive",false,2,2048,16,"float32",483.7764121999999,8466.721189181617,1,false,"false"
"burn","125m","fused-naive",false,4,2048,16,"float32",683.603527,11983.55432124621,1,false,"false"
"burn","125m","fused-naive",false,8,2048,16,"float32",1237.0097271999998,13244.843302150553,1,false,"false"
"burn","125m","fused-naive",false,16,2048,16,"float32",2279.896833,14372.580164902578,1,false,"false"
"burn","125m","fused-naive-multi",false,1,512,16,"bfloat16",319.72203440000004,1601.3910363132607,1,false,"false"
"burn","125m","fused-naive-multi",true,1,512,16,"bfloat16",2637.5664462,194.11833235050804,1,false,"false"
"burn","125m","fused-naive-multi",false,1,512,16,"float32",69.6839398,7347.460569386461,1,false,"false"
"burn","125m","fused-naive-multi",true,1,512,16,"float32",961.0309255999999,532.7612112797965,1,false,"false"
"burn","125m","fused-naive-multi",false,2,512,16,"bfloat16",518.2506022,1975.8780706728912,1,false,"false"
"burn","125m","fused-naive-multi",false,2,512,16,"float32",94.469611,10839.46455543254,1,false,"false"
"burn","125m","fused-naive-multi",false,4,512,16,"bfloat16",958.2262698,2137.28225216311,1,false,"false"
"burn","125m","fused-naive-multi",false,4,512,16,"float32",169.9438158,12051.041636079352,1,false,"false"
"burn","125m","fused-naive-multi",false,8,512,16,"bfloat16",1779.6170302,2301.6187924093288,1,false,"false"
"burn","125m","fused-naive-multi",false,8,512,16,"float32",318.558552,12857.918816758058,1,false,"false"
"burn","125m","fused-naive-multi",false,16,512,16,"bfloat16",3333.018801,2457.8319202826483,1,false,"false"
"burn","125m","fused-naive-multi",false,16,512,16,"float32",604.8129844,13544.682755326112,1,false,"false"
"burn","125m","fused-naive-multi",true,1,1024,16,"bfloat16",4499.5795664,227.5768179868584,1,false,"false"
"burn","125m","fused-naive-multi",true,1,1024,16,"float32",1415.776208,723.2781524465341,1,false,"false"
"burn","125m","fused-naive-multi",false,1,2048,8,"float32",182.38641360000003,11228.906581230127,1,false,"false"
"burn","125m","fused-naive-multi",true,1,2048,16,"bfloat16",688.5104847999999,2974.5371279202927,1,false,"true"
"burn","125m","fused-naive-multi",false,1,2048,16,"bfloat16",26.302486400000003,77863.36123720987,1,false,"true"
"burn","125m","fused-naive-multi",false,1,2048,16,"float32",186.3539698,10989.838328627868,1,false,"false"
"burn","125m","fused-naive-multi",true,1,2048,16,"float32",3619.6886008,565.7945270616275,1,false,"false"
"burn","125m","fused-naive-multi",true,1,2048,16,"float32",3637.2603694,563.0611482283949,1,false,"false"
"burn","125m","fused-naive-multi",true,1,2048,16,"float32",3659.586632,559.6260468578517,2,false,"false"
"burn","125m","fused-naive-multi",true,1,2048,16,"float32",3712.0331818,551.719206078569,4,false,"false"
"burn","125m","fused-naive-multi",true,1,2048,16,"float32",3806.7114985999997,537.9971665184494,8,false,"false"
"burn","125m","fused-naive-multi",true,1,2048,16,"float32",4027.3084912000004,508.52821542602163,16,false,"false"
"burn","125m","fused-naive-multi",true,1,2048,16,"float32",198.43857520000003,10320.574000976801,1,false,"true"
"burn","125m","fused-naive-multi",false,1,2048,16,"float32",6.7622507999999995,302857.74079837446,1,false,"true"
"burn","125m","fused-naive-multi",true,2,2048,16,"bfloat16",688.9739831999999,5945.0720925277465,1,false,"true"
"burn","125m","fused-naive-multi",false,2,2048,16,"bfloat16",26.45628,154821.4639397527,1,false,"true"
"burn","125m","fused-naive-multi",true,2,2048,16,"float32",199.8035942,20500.131723856648,1,false,"true"
"burn","125m","fused-naive-multi",false,2,2048,16,"float32",6.789930399999999,603246.242406255,1,false,"true"
"burn","125m","fused-naive-multi",true,4,2048,16,"bfloat16",1378.5755391999999,5942.365700724599,1,false,"true"
"burn","125m","fused-naive-multi",false,4,2048,16,"bfloat16",52.7145482,155403.02022355187,1,false,"true"
"burn","125m","fused-naive-multi",true,4,2048,16,"float32",398.0485472,20580.40421859377,1,false,"true"
"burn","125m","fused-naive-multi",false,4,2048,16,"float32",13.686162799999998,598560.759484755,1,false,"true"
"burn","125m","fused-naive-multi",true,8,2048,16,"bfloat16",2756.6859512,5943.36833793779,1,false,"true"
"burn","125m","fused-naive-multi",false,8,2048,16,"bfloat16",105.47330660000002,155337.88148062097,1,false,"true"
"burn","125m","fused-naive-multi",true,8,2048,16,"float32",796.4726049999999,20570.701235857323,1,false,"true"
"burn","125m","fused-naive-multi",false,8,2048,16,"float32",27.249397200000004,601261.0069774314,1,false,"true"
"burn","125m","fused-naive-multi",true,16,2048,16,"bfloat16",4825.3018718,6790.870472063632,1,false,"true"
"burn","125m","fused-naive-multi",false,16,2048,16,"bfloat16",184.72737840000002,177385.72529863822,1,false,"true"
"burn","125m","fused-naive-multi",true,16,2048,16,"float32",1393.4693134,23515.40840181662,1,false,"true"
"burn","125m","fused-naive-multi",false,16,2048,16,"float32",47.672274,687359.7009448301,1,false,"true"
"burn","125m","fused-naive-multi",false,1,4096,16,"float32",374.5452918,10935.927081916667,1,false,"false"
"burn","125m","fused-naive-multi",false,1,8192,16,"float32",735.3881183999999,11139.69588987039,1,false,"false"
"burn","125m","fused-naive",false,1,512,16,"bfloat16",323.8803126,1580.8308812901894,1,false,"false"
"burn","125m","fused-naive",false,1,512,16,"float32",134.4200672,3808.9550962521766,1,false,"false"
"burn","125m","fused-naive",true,1,512,16,"float32",995.4434812000001,514.3436163575933,1,false,"false"
"burn","125m","fused-naive",false,2,512,16,"bfloat16",520.9217228,1965.7463975506914,1,false,"false"
"burn","125m","fused-naive",false,2,512,16,"float32",136.74664140000002,7488.300915593822,1,false,"false"
"burn","125m","fused-naive",false,4,512,16,"bfloat16",937.1585126,2185.3293465991615,1,false,"false"
"burn","125m","fused-naive",false,4,512,16,"float32",203.40790520000002,10068.438579052825,1,false,"false"
"burn","125m","fused-naive",false,8,512,16,"bfloat16",1700.2206326,2409.099102471391,1,false,"false"
"burn","125m","fused-naive",false,8,512,16,"float32",354.1628808,11565.300097931664,1,false,"false"
"burn","125m","fused-naive",false,16,512,16,"bfloat16",3172.3426197999997,2582.3188040503846,1,false,"false"
"burn","125m","fused-naive",false,16,512,16,"float32",643.1806954000001,12736.700679278501,1,false,"false"
"burn","125m","fused-naive",false,1,2048,8,"float32",861.6865199999999,2376.7344068467037,1,false,"false"
"burn","125m","fused-naive",true,1,2048,16,"bfloat16",336.8970348,6079.008683516024,1,false,"true"
"burn","125m","fused-naive",false,1,2048,16,"bfloat16",27.751962799999994,73796.58205653116,1,false,"true"
"burn","125m","fused-naive",false,1,2048,16,"float32",461.88690260000004,4433.985870722111,1,false,"false"
"burn","125m","fused-naive",true,1,2048,16,"float32",7241.0439606,282.83214563308644,1,false,"false"
"burn","125m","fused-naive",true,1,2048,16,"float32",303.7959866,6741.3662139537955,1,false,"true"
"burn","125m","fused-naive",false,1,2048,16,"float32",22.662394600000002,90369.97352433356,1,false,"true"
"burn","125m","fused-naive",true,2,2048,16,"bfloat16",377.5365098,10849.281840767815,1,false,"true"
"burn","125m","fused-naive",false,2,2048,16,"bfloat16",27.8486898,147080.5280038704,1,false,"true"
"burn","125m","fused-naive",true,2,2048,16,"float32",295.85335680000003,13844.69672510405,1,false,"true"
"burn","125m","fused-naive",false,2,2048,16,"float32",23.170172,176779.0070785836,1,false,"true"
"burn","125m","fused-naive",true,4,2048,16,"bfloat16",529.055821,15484.188387750486,1,false,"true"
"burn","125m","fused-naive",false,4,2048,16,"bfloat16",45.104459,181622.8413248455,1,false,"true"
"burn","125m","fused-naive",true,4,2048,16,"float32",255.645228,32044.40804191346,1,false,"true"
"burn","125m","fused-naive",false,4,2048,16,"float32",22.8601114,358353.4592924162,1,false,"true"
"burn","125m","fused-naive",true,8,2048,16,"bfloat16",971.5951428000001,16862.990846973178,1,false,"true"
"burn","125m","fused-naive",false,8,2048,16,"bfloat16",79.6591664,205676.26728265636,1,false,"true"
"burn","125m","fused-naive",true,8,2048,16,"float32",422.900555,38741.968546246055,1,false,"true"
"burn","125m","fused-naive",false,8,2048,16,"float32",29.240666199999996,560315.5512236586,1,false,"true"
"burn","125m","fused-naive",true,16,2048,16,"bfloat16",1641.6224458,19960.74071954554,1,false,"true"
"burn","125m","fused-naive",false,16,2048,16,"bfloat16",132.3982416,247495.7341125292,1,false,"true"
"burn","125m","fused-naive",true,16,2048,16,"float32",722.4049044000001,45359.60345841749,1,false,"true"
"burn","125m","fused-naive",false,16,2048,16,"float32",42.3985074,772857.3954468973,1,false,"true"
"burn","125m","fused-naive",false,1,4096,16,"float32",911.4390088,4493.992423467578,1,false,"false"
"burn","125m","fused-naive",false,1,8192,16,"float32",1806.4216875999998,4534.932267605709,1,false,"false"
"burn","125m","fused-tile",false,2,2048,16,"float32",1025.6662794,3993.5016703445694,1,false,"false"
"burn","125m","fused-tile",false,4,2048,16,"float32",1223.6369157999998,6694.796384631927,1,false,"false"
"burn","125m","fused-tile",false,8,2048,16,"float32",1620.7925126,10108.635048984492,1,false,"false"
"burn","125m","fused-tile",false,16,2048,16,"float32",2666.6288854000004,12288.174098543423,1,false,"false"
"burn","125m","fused-tile-multi",false,1,512,16,"bfloat16",301.0234492,1700.8641730758561,1,false,"false"
"burn","125m","fused-tile-multi",false,1,512,16,"float32",105.9835538,4830.938212981494,1,false,"false"
"burn","125m","fused-tile-multi",true,1,512,16,"float32",1120.2761184,457.03018353300996,1,false,"false"
"burn","125m","fused-tile-multi",false,2,512,16,"bfloat16",556.1386269999999,1841.2675370596046,1,false,"false"
"burn","125m","fused-tile-multi",false,2,512,16,"float32",186.19297360000002,5499.670477361128,1,false,"false"
"burn","125m","fused-tile-multi",false,4,512,16,"bfloat16",915.2731405999999,2237.5834154353643,1,false,"false"
"burn","125m","fused-tile-multi",false,4,512,16,"float32",245.2990132,8348.994043160708,1,false,"false"
"burn","125m","fused-tile-multi",false,8,512,16,"bfloat16",1580.818227,2591.063241833433,1,false,"false"
"burn","125m","fused-tile-multi",false,8,512,16,"float32",357.21832499999994,11466.377039867708,1,false,"false"
"burn","125m","fused-tile-multi",false,16,512,16,"bfloat16",2906.3182948,2818.686451052925,1,false,"false"
"burn","125m","fused-tile-multi",false,16,512,16,"float32",637.5399636,12849.390575834956,1,false,"false"
"burn","125m","fused-tile-multi",false,1,2048,8,"float32",386.6710814,5296.491251905656,1,false,"false"
"burn","125m","fused-tile-multi",true,1,2048,16,"bfloat16",304.87679319999995,6717.467664573955,1,false,"true"
"burn","125m","fused-tile-multi",false,1,2048,16,"bfloat16",20.2515874,101127.8750425263,1,false,"true"
"burn","125m","fused-tile-multi",false,1,2048,16,"float32",326.89303600000005,6265.046282601137,1,false,"false"
"burn","125m","fused-tile-multi",true,1,2048,16,"float32",4260.540597800001,480.6901736970933,1,false,"false"
"burn","125m","fused-tile-multi",true,1,2048,16,"float32",4413.663064599999,464.01367073669127,1,false,"false"
"burn","125m","fused-tile-multi",true,1,2048,16,"float32",4516.482959399999,453.4501775850983,2,false,"false"
"burn","125m","fused-tile-multi",true,1,2048,16,"float32",4778.891137,428.5512980497928,4,false,"false"
"burn","125m","fused-tile-multi",true,1,2048,16,"float32",5016.8079882,408.22770271796065,8,false,"false"
"burn","125m","fused-tile-multi",true,1,2048,16,"float32",5925.5031734,345.6246566863074,16,false,"false"
"burn","125m","fused-tile-multi",true,1,2048,16,"float32",329.4843844,6215.772573651597,1,false,"true"
"burn","125m","fused-tile-multi",false,1,2048,16,"float32",18.490428,110760.01053085412,1,false,"true"
"burn","125m","fused-tile-multi",true,2,2048,16,"bfloat16",594.2564233999999,6892.6474139984875,1,false,"true"
"burn","125m","fused-tile-multi",false,2,2048,16,"bfloat16",39.5119786,103664.76560098158,1,false,"true"
"burn","125m","fused-tile-multi",true,2,2048,16,"float32",645.2291954,6348.131840904606,1,false,"true"
"burn","125m","fused-tile-multi",false,2,2048,16,"float32",36.191839200000004,113174.68497152251,1,false,"true"
"burn","125m","fused-tile-multi",true,4,2048,16,"bfloat16",602.8342858,13589.140818572865,1,false,"true"
"burn","125m","fused-tile-multi",false,4,2048,16,"bfloat16",39.9240788,205189.4557426833,1,false,"true"
"burn","125m","fused-tile-multi",true,4,2048,16,"float32",649.1860258,12618.879141621843,1,false,"true"
"burn","125m","fused-tile-multi",false,4,2048,16,"float32",37.449058199999996,218750.49450509282,1,false,"true"
"burn","125m","fused-tile-multi",true,8,2048,16,"bfloat16",613.9573347999999,26685.89341853401,1,false,"true"
"burn","125m","fused-tile-multi",false,8,2048,16,"bfloat16",41.7338306,392583.18166461337,1,false,"true"
"burn","125m","fused-tile-multi",true,8,2048,16,"float32",669.4175766,24475.007189406384,1,false,"true"
"burn","125m","fused-tile-multi",false,8,2048,16,"float32",38.906151,421115.9310002164,1,false,"true"
"burn","125m","fused-tile-multi",true,16,2048,16,"bfloat16",743.3749854,44080.04122222109,1,false,"true"
"burn","125m","fused-tile-multi",false,16,2048,16,"bfloat16",44.086954999999996,743258.4082978741,1,false,"true"
"burn","125m","fused-tile-multi",true,16,2048,16,"float32",1267.0048798,25862.568110371063,1,false,"true"
"burn","125m","fused-tile-multi",false,16,2048,16,"float32",57.422776400000004,570644.6475479023,1,false,"true"
"burn","125m","fused-tile-multi",false,1,4096,16,"float32",667.836287,6133.239657281456,1,false,"false"
"burn","125m","fused-tile-multi",false,1,8192,16,"float32",1308.9641370000002,6258.383838364854,1,false,"false"
"burn","125m","fused-tile",false,1,512,16,"bfloat16",389.7435982,1313.6841820228262,1,false,"false"
"burn","125m","fused-tile",false,1,512,16,"float32",207.2489248,2470.4591374555594,1,false,"false"
"burn","125m","fused-tile",false,2,512,16,"bfloat16",650.447715,1574.3002494827736,1,false,"false"
"burn","125m","fused-tile",false,2,512,16,"float32",286.7562988,3570.976485207724,1,false,"false"
"burn","125m","fused-tile",false,4,512,16,"bfloat16",1010.054156,2027.6140520132665,1,false,"false"
"burn","125m","fused-tile",false,4,512,16,"float32",343.76645859999996,5957.532937740773,1,false,"false"
"burn","125m","fused-tile",false,8,512,16,"bfloat16",1672.6332261999999,2448.8333340750182,1,false,"false"
"burn","125m","fused-tile",false,8,512,16,"float32",455.7400736,8987.579186628718,1,false,"false"
"burn","125m","fused-tile",false,16,512,16,"bfloat16",3011.7400216,2720.0222931752137,1,false,"false"
"burn","125m","fused-tile",false,16,512,16,"float32",744.2381946,11007.228679526304,1,false,"false"
"burn","125m","fused-tile",false,1,2048,8,"float32",1119.2078442000002,1829.8656595494933,1,false,"false"
"burn","125m","fused-tile",true,1,2048,16,"bfloat16",550.1006611999999,3722.9549870608307,1,false,"true"
"burn","125m","fused-tile",false,1,2048,16,"bfloat16",54.671299000000005,37460.24033561009,1,false,"true"
"burn","125m","fused-tile",false,1,2048,16,"float32",704.619847,2906.531811046191,1,false,"false"
"burn","125m","fused-tile",false,1,2048,16,"float32",51.379341200000006,39860.37874693496,1,false,"true"
"burn","125m","fused-tile",false,2,2048,16,"bfloat16",73.2700912,55902.75558439594,1,false,"true"
"burn","125m","fused-tile",false,2,2048,16,"float32",72.62432919999999,56399.832468263274,1,false,"true"
"burn","125m","fused-tile",false,4,2048,16,"bfloat16",76.231312,107462.40337566273,1,false,"true"
"burn","125m","fused-tile",false,4,2048,16,"float32",75.1957532,108942.32255658822,1,false,"true"
"burn","125m","fused-tile",false,8,2048,16,"bfloat16",78.49453320000002,208727.91176749102,1,false,"true"
"burn","125m","fused-tile",false,8,2048,16,"float32",77.5309738,211321.9942556687,1,false,"true"
"burn","125m","fused-tile",false,16,2048,16,"bfloat16",82.34155939999998,397952.14274263557,1,false,"true"
"burn","125m","fused-tile",false,16,2048,16,"float32",98.84749140000001,331500.57260836056,1,false,"true"
"burn","125m","fused-tile",false,1,4096,16,"float32",1419.1819143999999,2886.169812649918,1,false,"false"
"burn","125m","fused-tile",false,1,8192,16,"float32",2920.5817976,2804.920583539831,1,false,"false"
"burn","125m","linear",false,1,512,16,"float32",547.725381,934.7750127358074,1,false,"false"
"burn","125m","linear",true,1,512,16,"float32",5599.842623399999,91.43114091465917,1,false,"false"
"burn","125m","linear",false,1,2048,8,"float32",4315.825941200001,474.5325756651253,1,false,"false"
"burn","125m","linear",false,1,2048,16,"bfloat16",2923.6899447999995,700.4846747318472,1,false,"false"
"burn","125m","linear",true,1,2048,16,"bfloat16",1608.7725030000001,1273.020266184895,1,false,"true"
"burn","125m","linear",false,1,2048,16,"bfloat16",211.518025,9682.38995234567,1,false,"true"
"burn","125m","linear",false,1,2048,16,"float32",2228.114974,919.1626212732414,1,false,"false"
"burn","125m","linear",true,1,2048,16,"float32",1029.6967605999998,1988.9350713375454,1,false,"true"
"burn","125m","linear",false,1,2048,16,"float32",191.1351038,10714.933883327822,1,false,"true"
"burn","125m","linear",true,2,2048,16,"bfloat16",1262.358741,3244.719481844979,1,false,"true"
"burn","125m","linear",false,2,2048,16,"bfloat16",209.22456219999995,19577.051360177255,1,false,"true"
"burn","125m","linear",true,2,2048,16,"float32",875.5115408,4678.407775478635,1,false,"true"
"burn","125m","linear",false,2,2048,16,"float32",172.2502082,23779.36167858867,1,false,"true"
"burn","125m","linear",true,4,2048,16,"bfloat16",845.6859193999999,9686.811394249165,1,false,"true"
"burn","125m","linear",false,4,2048,16,"bfloat16",195.8923468,41818.887433942364,1,false,"true"
"burn","125m","linear",true,4,2048,16,"float32",787.5300582,10402.142641671173,1,false,"true"
"burn","125m","linear",false,4,2048,16,"float32",164.2218776,49883.731203911164,1,false,"true"
"burn","125m","linear",true,8,2048,16,"bfloat16",937.3561176000001,17478.949240710648,1,false,"true"
"burn","125m","linear",false,8,2048,16,"bfloat16",211.3743684,77511.76324744963,1,false,"true"
"burn","125m","linear",true,8,2048,16,"float32",819.4482136,19993.9419332209,1,false,"true"
"burn","125m","linear",false,8,2048,16,"float32",179.4613768,91295.41014420657,1,false,"true"
"burn","125m","linear",true,16,2048,16,"bfloat16",877.5454712000001,37340.51519312313,1,false,"true"
"burn","125m","linear",false,16,2048,16,"bfloat16",201.0999756,162943.82882063364,1,false,"true"
"burn","125m","linear",true,16,2048,16,"float32",812.6098934,40324.39214208563,1,false,"true"
"burn","125m","linear",false,16,2048,16,"float32",164.25248399999998,199497.74397323577,1,false,"true"
"burn","125m","linear",false,1,2048,32,"float32",1153.7599147999997,1775.0660026657397,1,false,"false"
"burn","125m","linear",false,1,2048,64,"float32",683.9476194,2994.3813559825367,1,false,"false"
"burn","125m","mlp",false,1,2048,16,"float32",3720.6323930000003,550.4440599541917,1,false,"false"
"burn","350m","fused-naive-multi",false,1,512,16,"bfloat16",960.3995688000001,533.1114430212975,1,false,"false"
"burn","350m","fused-naive-multi",true,1,512,16,"bfloat16",6183.1448188,82.80575904404692,1,false,"false"
"burn","350m","fused-naive-multi",false,1,512,16,"float32",173.70722020000002,2947.4883048068027,1,false,"false"
"burn","350m","fused-naive-multi",true,1,512,16,"float32",1543.4071618,331.73359089696044,1,false,"false"
"burn","350m","fused-naive-multi",true,1,1024,16,"float32",2916.4164040000005,351.11584154976515,1,false,"false"
"burn","350m","fused-naive-multi",false,1,2048,16,"float32",495.5455302,4132.819035161989,1,false,"false"
"burn","350m","fused-naive-multi",true,1,2048,16,"float32",7665.602869200001,267.1675059281715,1,false,"false"
"burn","350m","fused-naive",false,1,512,16,"bfloat16",966.6118786,529.6851935458927,1,false,"false"
"burn","350m","fused-naive",false,1,512,16,"float32",283.5667228,1805.571524558311,1,false,"false"
"burn","350m","fused-naive",false,1,2048,16,"float32",931.2081576,2199.2934482858313,1,false,"false"
"burn","350m","fused-naive",true,1,2048,16,"float32",21144.583074399998,96.85695824759668,1,false,"false"
"burn","350m","fused-tile-multi",false,1,512,16,"bfloat16",1041.1554482000001,491.761341579848,1,false,"false"
"burn","350m","fused-tile-multi",false,1,512,16,"float32",355.260293,1441.196807209749,1,false,"false"
"burn","350m","fused-tile-multi",true,1,2048,16,"bfloat16",17424.202161600002,117.53766290163037,1,false,"false"
"burn","350m","fused-tile-multi",false,1,2048,16,"float32",1203.9798647999999,1701.0251249842995,1,false,"false"
"burn","350m","fused-tile-multi",true,1,2048,16,"float32",16399.4250804,124.88242666797481,1,false,"false"
"burn","350m","fused-tile",false,1,512,16,"bfloat16",1232.9545048,415.2626865036294,1,false,"false"
"burn","350m","fused-tile",false,1,512,16,"float32",545.3263698,938.8872945714646,1,false,"false"
"burn","350m","fused-tile",false,1,2048,16,"float32",1969.6446073999998,1039.7814876377277,1,false,"false"
"burn","350m","linear",false,1,2048,16,"bfloat16",6780.2945832000005,302.0517729531206,1,false,"false"
"burn","350m","linear",false,1,2048,16,"float32",4747.291587000001,431.403877867593,1,false,"false"
"burn","350m","mlp",false,1,2048,16,"float32",7872.538879999998,260.1447933401633,1,false,"false"
"burn","760m","linear",false,1,2048,16,"bfloat16",7159.8701326,286.0387076959871,1,false,"false"
"burn","760m","linear",false,1,2048,16,"float32",5012.1426372000005,408.60768502472257,1,false,"false"
"burn","760m","mlp",false,1,2048,16,"float32",8365.960360399999,244.80154241396377,1,false,"false"
"jax","1b","linear",false,1,2048,16,"bfloat16",1237.8259658813477,1654.5136848392076,"",false,"false"
"jax","1b","linear",true,1,2048,16,"bfloat16",5318.857431411743,385.0451015861155,"",false,"false"
"jax","1b","linear",false,1,2048,16,"float32",921.4276790618896,2222.637811450465,"",false,"false"
"jax","1b","mlp",false,1,2048,16,"float32",1389.1011238098145,1474.3347081766503,"",false,"false"
"jax","125m-h32","linear",false,1,2048,8,"float32",356.6111087799072,5742.950652902913,"",false,"false"
"jax","125m-h32","linear",false,1,2048,16,"bfloat16",218.85604858398438,9357.749138078289,"",false,"false"
"jax","125m-h32","linear",true,1,2048,16,"bfloat16",1152.8215408325195,1776.5108713366164,"",false,"false"
"jax","125m-h32","linear",true,1,2048,16,"bfloat16",52.15873718261719,39264.754298586275,"",false,"true"
"jax","125m-h32","linear",false,1,2048,16,"bfloat16",9.229183197021484,221904.7944200465,"",false,"true"
"jax","125m-h32","linear",false,1,2048,16,"float32",212.33453750610352,9645.157231856972,"",false,"false"
"jax","125m-h32","linear",true,1,2048,16,"float32",1070.2123165130615,1913.6389746221025,"",false,"false"
"jax","125m-h32","linear",true,1,2048,16,"float32",59.508371353149414,34415.32600255933,"",false,"true"
"jax","125m-h32","linear",false,1,2048,16,"float32",13.120698928833008,156089.24578701198,"",false,"true"
"jax","125m-h32","linear",true,2,2048,16,"bfloat16",58.515357971191406,69998.71729429673,"",false,"true"
"jax","125m-h32","linear",false,2,2048,16,"bfloat16",11.681985855102539,350625.3175448693,"",false,"true"
"jax","125m-h32","linear",true,2,2048,16,"float32",56.75315856933594,72172.1945219291,"",false,"true"
"jax","125m-h32","linear",false,2,2048,16,"float32",11.97819709777832,341954.6336200891,"",false,"true"
"jax","125m-h32","linear",true,4,2048,16,"bfloat16",65.25716781616211,125534.10259970099,"",false,"true"
"jax","125m-h32","linear",false,4,2048,16,"bfloat16",14.954996109008789,547776.8058438473,"",false,"true"
"jax","125m-h32","linear",true,4,2048,16,"float32",68.3107852935791,119922.49781338716,"",false,"true"
"jax","125m-h32","linear",false,4,2048,16,"float32",15.367507934570312,533072.7685242646,"",false,"true"
"jax","125m-h32","linear",true,8,2048,16,"bfloat16",79.54134941101074,205980.9158547164,"",false,"true"
"jax","125m-h32","linear",false,8,2048,16,"bfloat16",17.12517738342285,956720.0171520378,"",false,"true"
"jax","125m-h32","linear",true,8,2048,16,"float32",74.30615425109863,220493.17671096887,"",false,"true"
"jax","125m-h32","linear",false,8,2048,16,"float32",19.43821907043457,842875.5710917971,"",false,"true"
"jax","125m-h32","linear",true,16,2048,16,"bfloat16",98.2630729675293,333472.1682358547,"",false,"true"
"jax","125m-h32","linear",false,16,2048,16,"bfloat16",22.8269100189209,1435498.7150183304,"",false,"true"
"jax","125m-h32","linear",true,16,2048,16,"float32",100.57625770568848,325802.53777076735,"",false,"true"
"jax","125m-h32","linear",false,16,2048,16,"float32",26.929855346679688,1216790.7914158227,"",false,"true"
"jax","125m-h32","linear",false,1,2048,32,"float32",119.46439743041992,17143.18277286607,"",false,"false"
"jax","125m-h32","linear",false,1,2048,64,"float32",107.54127502441406,19043.850833413147,"",false,"false"
"jax","125m-h32","mlp",false,1,2048,16,"bfloat16",392.9928779602051,5211.290369000994,"",false,"false"
"jax","125m-h32","mlp",true,1,2048,16,"bfloat16",2253.0813217163086,908.9773992000938,"",false,"false"
"jax","125m-h32","mlp",false,1,2048,16,"float32",369.5629596710205,5541.680913647568,"",false,"false"
"jax","125m-h32","mlp",true,1,2048,16,"float32",2056.7970752716064,995.7229250384632,"",false,"false"
"jax","125m","linear",true,1,512,16,"float32",298.32348823547363,1716.2577543872999,"",false,"false"
"jax","125m","linear",true,1,1024,16,"float32",577.1614074707031,1774.2004000015863,"",false,"false"
"jax","125m","linear",false,1,2048,8,"float32",323.76999855041504,6325.477991071803,"",false,"false"
"jax","125m","linear",false,1,2048,16,"bfloat16",226.22175216674805,9053.06399753468,"",false,"false"
"jax","125m","linear",true,1,2048,16,"bfloat16",1199.3748664855957,1707.5562088448985,"",false,"false"
"jax","125m","linear",true,1,2048,16,"bfloat16",57.80925750732422,35426.85182802298,"",false,"true"
"jax","125m","linear",false,1,2048,16,"bfloat16",10.01119613647461,204570.95956180044,"",false,"true"
"jax","125m","linear",false,1,2048,16,"float32",211.0978603363037,9701.661574102623,"",false,"false"
"jax","125m","linear",true,1,2048,16,"float32",1042.2457218170166,1964.9876772145292,"",false,"false"
"jax","125m","linear",true,1,2048,16,"float32",51.73659324645996,39585.13445684082,"",false,"true"
"jax","125m","linear",false,1,2048,16,"float32",10.624933242797852,192754.15225674422,"",false,"true"
"jax","125m","linear",true,2,2048,16,"bfloat16",59.19599533081055,69193.86990808987,"",false,"true"
"jax","125m","linear",false,2,2048,16,"bfloat16",14.322423934936523,285985.1110822571,"",false,"true"
"jax","125m","linear",true,2,2048,16,"float32",59.824466705322266,68466.97054861671,"",false,"true"
"jax","125m","linear",false,2,2048,16,"float32",15.156984329223633,270238.45317980903,"",false,"true"
"jax","125m","linear",true,4,2048,16,"bfloat16",67.7497386932373,120915.5955138424,"",false,"true"
"jax","125m","linear",false,4,2048,16,"bfloat16",15.306282043457031,535205.086169298,"",false,"true"
"jax","125m","linear",true,4,2048,16,"float32",73.25105667114258,111834.56419990808,"",false,"true"
"jax","125m","linear",false,4,2048,16,"float32",19.861221313476562,412462.0470565639,"",false,"true"
"jax","125m","linear",true,8,2048,16,"bfloat16",74.74379539489746,219202.1413073504,"",false,"true"
"jax","125m","linear",false,8,2048,16,"bfloat16",16.187524795532227,1012137.4457768863,"",false,"true"
"jax","125m","linear",true,8,2048,16,"float32",77.72154808044434,210803.8298856583,"",false,"true"
"jax","125m","linear",false,8,2048,16,"float32",19.908571243286133,822962.1201735035,"",false,"true"
"jax","125m","linear",true,16,2048,16,"bfloat16",98.95339012145996,331145.80470440723,"",false,"true"
"jax","125m","linear",false,16,2048,16,"bfloat16",22.24884033203125,1472795.8631095262,"",false,"true"
"jax","125m","linear",true,16,2048,16,"float32",97.59249687194824,335763.5171789396,"",false,"true"
"jax","125m","linear",false,16,2048,16,"float32",26.995038986206055,1213852.664437485,"",false,"true"
"jax","125m","linear",false,1,2048,32,"float32",122.7393627166748,16685.763675728846,"",false,"false"
"jax","125m","linear",false,1,2048,64,"float32",98.15583229064941,20864.781564234137,"",false,"false"
"jax","125m","mlp",false,1,2048,16,"bfloat16",442.1884059906006,4631.509945205423,"",false,"false"
"jax","125m","mlp",true,1,2048,16,"bfloat16",2411.8932723999023,849.1254664689959,"",false,"false"
"jax","125m","mlp",false,1,2048,16,"float32",419.5089340209961,4881.89841482017,"",false,"false"
"jax","125m","mlp",true,1,2048,16,"float32",2188.373851776123,935.8547207725989,"",false,"false"
"jax","350m","linear",true,1,512,16,"float32",699.2259502410889,732.2382697945714,"",false,"false"
"jax","350m","linear",true,1,1024,16,"float32",1313.5146617889404,779.5877958494684,"",false,"false"
"jax","350m","linear",false,1,2048,16,"bfloat16",553.6386013031006,3699.164030794849,"",false,"false"
"jax","350m","linear",true,1,2048,16,"bfloat16",2760.0221157073975,742.023039723033,"",false,"false"
"jax","350m","linear",false,1,2048,16,"float32",430.6302547454834,4755.820050800739,"",false,"false"
"jax","350m","linear",true,1,2048,16,"float32",2315.4879570007324,884.478795844306,"",false,"false"
"jax","350m","mlp",false,1,2048,16,"float32",876.9609928131104,2335.3376225211996,"",false,"false"
"jax","350m","mlp",true,1,2048,16,"float32",4911.2592697143555,417.0009945573723,"",false,"false"
"jax","760m","linear",false,1,2048,16,"bfloat16",846.1640357971191,2420.334489955845,"",false,"false"
"jax","760m","linear",true,1,2048,16,"bfloat16",3968.310070037842,516.0887037187772,"",false,"false"
"jax","760m","linear",false,1,2048,16,"float32",722.0789909362793,2836.254794429725,"",false,"false"
"jax","760m","mlp",false,1,2048,16,"float32",1174.5951652526855,1743.5794566372342,"",false,"false"
"kernels","1b","linear",false,1,2048,16,"bfloat16",1286.2146854400635,1592.2691780643916,"",false,"false"
"kernels","1b","linear",false,1,2048,16,"float32",975.024938583374,2100.459094898193,"",false,"false"
"kernels","1b","mlp",false,1,2048,16,"float32",1678.9447784423828,1219.8137939354997,"",false,"false"
"kernels","125m-h32","linear",false,1,2048,8,"float32",976.0501861572266,2098.2527630706263,"",false,"false"
"kernels","125m-h32","linear",false,1,2048,16,"bfloat16",588.8258457183838,3478.1081959834546,"",false,"false"
"kernels","125m-h32","linear",false,1,2048,16,"float32",484.93480682373047,4223.248096819806,"",false,"false"
"kernels","125m-h32","linear",false,1,2048,32,"float32",248.16813468933105,8252.469651527928,"",false,"false"
"kernels","125m-h32","linear",false,1,2048,64,"float32",142.67053604125977,14354.750860456053,"",false,"false"
"kernels","125m-h32","mlp",false,1,2048,16,"float32",887.5650405883789,2307.4365329242273,"",false,"false"
"kernels","125m","linear",false,1,2048,8,"float32",955.2042007446289,2144.0441723387344,"",false,"false"
"kernels","125m","linear",false,1,2048,16,"bfloat16",564.430046081543,3628.439014219534,"",false,"false"
"kernels","125m","linear",false,1,2048,16,"float32",488.21725845336914,4194.853755248002,"",false,"false"
"kernels","125m","linear",false,1,2048,32,"float32",267.15354919433594,7666.003338440471,"",false,"false"
"kernels","125m","linear",false,1,2048,64,"float32",136.72842979431152,14978.596646512542,"",false,"false"
"kernels","125m","mlp",false,1,2048,16,"float32",852.0633697509766,2403.577096147845,"",false,"false"
"kernels","350m","linear",false,1,2048,16,"bfloat16",1093.890619277954,1872.2164391096308,"",false,"false"
"kernels","350m","linear",false,1,2048,16,"float32",1029.5560836791992,1989.206836291338,"",false,"false"
"kernels","350m","mlp",false,1,2048,16,"float32",1753.7773132324219,1167.7651344601388,"",false,"false"
"kernels","760m","linear",false,1,2048,16,"bfloat16",1076.6226291656494,1902.2449877234508,"",false,"false"
"kernels","760m","linear",false,1,2048,16,"float32",1025.6243705749512,1996.8324259415938,"",false,"false"
"kernels","760m","mlp",false,1,2048,16,"float32",1684.9634170532227,1215.4566557781297,"",false,"false"
"pytorch","1b","linear",true,1,512,16,"float32",2364.9258613586426,216.49727307132477,"",false,"false"
"pytorch","1b","linear",false,1,2048,16,"bfloat16",2242.967176437378,913.0762239922501,"",false,"false"
"pytorch","1b","linear",true,1,2048,16,"bfloat16",19998.08621406555,102.40979952169371,"",false,"false"
"pytorch","1b","linear",false,1,2048,16,"float32",2075.1853942871094,986.8997756239276,"",false,"false"
"pytorch","1b","mlp",false,1,2048,16,"float32",3496.3226795196533,585.7582917036042,"",false,"false"
"pytorch","125m-h32","linear",false,1,2048,8,"float32",1866.2042617797852,1097.414705315718,"",false,"false"
"pytorch","125m-h32","linear",false,1,2048,16,"bfloat16",954.9594402313232,2144.5937007585426,"",false,"false"
"pytorch","125m-h32","linear",true,1,2048,16,"bfloat16",4427.43444442749,462.5703724597612,"",false,"false"
"pytorch","125m-h32","linear",true,1,2048,16,"bfloat16",281.8307399749756,7266.772958059319,"",false,"true"
"pytorch","125m-h32","linear",false,1,2048,16,"bfloat16",85.73040962219238,23888.83954976286,"",false,"true"
"pytorch","125m-h32","linear",false,1,2048,16,"float32",979.0771961212158,2091.7656014393015,"",false,"false"
"pytorch","125m-h32","linear",true,1,2048,16,"float32",4127.270793914795,496.2116861872863,"",false,"false"
"pytorch","125m-h32","linear",true,1,2048,16,"float32",272.38688468933105,7518.717365323342,"",false,"true"
"pytorch","125m-h32","linear",false,1,2048,16,"float32",81.92911148071289,24997.219705990883,"",false,"true"
"pytorch","125m-h32","linear",true,2,2048,16,"bfloat16",302.9327869415283,13521.151148259843,"",false,"true"
"pytorch","125m-h32","linear",false,2,2048,16,"bfloat16",94.68822479248047,43257.7546888943,"",false,"true"
"pytorch","125m-h32","linear",true,2,2048,16,"float32",274.3852138519287,14927.91809915237,"",false,"true"
"pytorch","125m-h32","linear",false,2,2048,16,"float32",83.64706039428711,48967.65027596531,"",false,"true"
"pytorch","125m-h32","linear",true,4,2048,16,"bfloat16",268.48154067993164,30512.33980278009,"",false,"true"
"pytorch","125m-h32","linear",false,4,2048,16,"bfloat16",90.23013114929199,90790.07085167337,"",false,"true"
"pytorch","125m-h32","linear",true,4,2048,16,"float32",311.03787422180176,26337.62856210324,"",false,"true"
"pytorch","125m-h32","linear",false,4,2048,16,"float32",82.98234939575195,98719.788721954,"",false,"true"
"pytorch","125m-h32","linear",true,8,2048,16,"bfloat16",270.51167488098145,60566.701999862154,"",false,"true"
"pytorch","125m-h32","linear",false,8,2048,16,"bfloat16",114.83259201049805,142677.2635986669,"",false,"true"
"pytorch","125m-h32","linear",true,8,2048,16,"float32",263.1472110748291,62261.727696369206,"",false,"true"
"pytorch","125m-h32","linear",false,8,2048,16,"float32",91.27540588378906,179500.70822867603,"",false,"true"
"pytorch","125m-h32","linear",true,16,2048,16,"bfloat16",432.10034370422363,75834.23729565459,"",false,"true"
"pytorch","125m-h32","linear",false,16,2048,16,"bfloat16",105.60431480407715,310290.3518742863,"",false,"true"
"pytorch","125m-h32","linear",true,16,2048,16,"float32",284.7480773925781,115077.15978297274,"",false,"true"
"pytorch","125m-h32","linear",false,16,2048,16,"float32",88.1650447845459,371666.5723935953,"",false,"true"
"pytorch","125m-h32","linear",false,1,2048,32,"float32",474.8563289642334,4312.883445119371,"",false,"false"
"pytorch","125m-h32","linear",false,1,2048,64,"float32",244.0943717956543,8390.197549145052,"",false,"false"
"pytorch","125m-h32","mlp",false,1,2048,16,"float32",1770.3540325164795,1156.8307594887442,"",false,"false"
"pytorch","125m-h32","mlp",true,1,2048,16,"float32",7039.236211776733,290.9406558304819,"",false,"false"
"pytorch","125m","linear",true,1,512,16,"float32",1141.58935546875,448.4975245672003,"",false,"false"
"pytorch","125m","linear",true,1,1024,16,"float32",2375.1357078552246,431.133259717898,"",false,"false"
"pytorch","125m","linear",false,1,2048,8,"float32",1865.9147262573242,1097.584992057973,"",false,"false"
"pytorch","125m","linear",false,1,2048,16,"bfloat16",933.0737590789795,2194.8961484261913,"",false,"false"
"pytorch","125m","linear",true,1,2048,16,"bfloat16",4355.662536621094,470.19253277338066,"",false,"false"
"pytorch","125m","linear",true,1,2048,16,"bfloat16",266.193151473999,7693.66149602103,"",false,"true"
"pytorch","125m","linear",false,1,2048,16,"bfloat16",90.56520462036133,22613.54135492737,"",false,"true"
"pytorch","125m","linear",false,1,2048,16,"float32",973.8058090209961,2103.088707243318,"",false,"false"
"pytorch","125m","linear",true,1,2048,16,"float32",4044.7803020477295,506.3315797308373,"",false,"false"
"pytorch","125m","linear",true,1,2048,16,"float32",277.46968269348145,7380.986564439941,"",false,"true"
"pytorch","125m","linear",false,1,2048,16,"float32",97.77827262878418,20945.348541544037,"",false,"true"
"pytorch","125m","linear",true,2,2048,16,"bfloat16",278.5090446472168,14706.883236730573,"",false,"true"
"pytorch","125m","linear",false,2,2048,16,"bfloat16",95.58210372924805,42853.2103834269,"",false,"true"
"pytorch","125m","linear",true,2,2048,16,"float32",302.4235725402832,13543.917775967704,"",false,"true"
"pytorch","125m","linear",false,2,2048,16,"float32",88.64145278930664,46208.6289327393,"",false,"true"
"pytorch","125m","linear",true,4,2048,16,"bfloat16",361.60664558410645,22654.450906916794,"",false,"true"
"pytorch","125m","linear",false,4,2048,16,"bfloat16",91.36772155761719,89659.67258835564,"",false,"true"
"pytorch","125m","linear",true,4,2048,16,"float32",268.83392333984375,30472.344777873008,"",false,"true"
"pytorch","125m","linear",false,4,2048,16,"float32",82.46240615844727,99342.23825896486,"",false,"true"
"pytorch","125m","linear",true,8,2048,16,"bfloat16",443.2742118835449,36961.32001539565,"",false,"true"
"pytorch","125m","linear",false,8,2048,16,"bfloat16",82.9854965209961,197432.08978516742,"",false,"true"
"pytorch","125m","linear",true,8,2048,16,"float32",289.9820327758789,56500.052238280754,"",false,"true"
"pytorch","125m","linear",false,8,2048,16,"float32",83.38894844055176,196476.8750103643,"",false,"true"
"pytorch","125m","linear",true,16,2048,16,"bfloat16",277.63218879699707,118026.6601721739,"",false,"true"
"pytorch","125m","linear",false,16,2048,16,"bfloat16",99.24654960632324,330167.649454609,"",false,"true"
"pytorch","125m","linear",true,16,2048,16,"float32",316.68405532836914,103472.21291587579,"",false,"true"
"pytorch","125m","linear",false,16,2048,16,"float32",97.52163887023926,336007.47874633834,"",false,"true"
"pytorch","125m","linear",false,1,2048,32,"float32",479.9753665924072,4266.885641527416,"",false,"false"
"pytorch","125m","linear",false,1,2048,64,"float32",239.70441818237305,8543.855868529845,"",false,"false"
"pytorch","125m","mlp",false,1,2048,16,"float32",1724.210786819458,1187.7898083318544,"",false,"false"
"pytorch","125m","mlp",true,1,2048,16,"float32",7342.757987976074,278.91427217860706,"",false,"false"
"pytorch","350m","linear",true,1,512,16,"float32",2225.432348251343,230.0676542256202,"",false,"false"
"pytorch","350m","linear",true,1,1024,16,"float32",4518.735551834106,226.6120661972284,"",false,"false"
"pytorch","350m","linear",false,1,2048,16,"bfloat16",1920.2860832214355,1066.507755221719,"",false,"false"
"pytorch","350m","linear",true,1,2048,16,"bfloat16",9598.480463027954,213.36710616733748,"",false,"false"
"pytorch","350m","linear",false,1,2048,16,"float32",1923.240613937378,1064.8693591215333,"",false,"false"
"pytorch","350m","linear",true,1,2048,16,"float32",8614.29352760315,237.74439464333392,"",false,"false"
"pytorch","350m","mlp",false,1,2048,16,"float32",3455.4609298706055,592.6850401624105,"",false,"false"
"pytorch","760m","linear",false,1,2048,16,"bfloat16",1957.2115421295166,1046.3866352288635,"",false,"false"
"pytorch","760m","linear",true,1,2048,16,"bfloat16",14693.85051727295,139.37803420502544,"",false,"false"
"pytorch","760m","linear",false,1,2048,16,"float32",1994.7537899017334,1026.693123917258,"",false,"false"
"pytorch","760m","linear",true,1,2048,16,"float32",8590.487575531006,238.4032317133532,"",false,"false"
"pytorch","760m","mlp",false,1,2048,16,"float32",3562.707471847534,574.8437153999503,"",false,"false"
"burn","1b","fused-naive-multi",true,1,512,16,"bfloat16",0,0,"",true,false
"burn","1b","fused-naive-multi",true,1,1024,16,"bfloat16",0,0,"",true,false
"burn","1b","fused-naive-multi",true,1,2048,16,"bfloat16",0,0,"",true,false
"burn","1b","fused-naive-multi",true,1,2048,16,"float32",0,0,"",true,false
"burn","1b","fused-naive",true,1,2048,16,"float32",0,0,"",true,false
"burn","1b","fused-tile-multi",true,1,2048,16,"float32",0,0,"",true,false
"burn","1b","fused-tile",true,1,2048,16,"float32",0,0,"",true,false
"burn","1b","linear",true,1,2048,16,"float32",0,0,"",true,false
"burn","1b","mlp",true,1,2048,16,"float32",0,0,"",true,false
"burn","125m-h32","fused-naive-multi",true,1,2048,16,"bfloat16",0,0,"",true,false
"burn","125m-h32","fused-naive-multi",false,1,2048,64,"float32",0,0,"",true,false
"burn","125m-h32","fused-naive",false,1,2048,64,"float32",0,0,"",true,false
"burn","125m-h32","fused-tile-multi",false,1,2048,64,"float32",0,0,"",true,false
"burn","125m-h32","fused-tile",true,1,512,16,"float32",0,0,"",true,false
"burn","125m-h32","fused-tile",true,1,2048,16,"float32",0,0,"",true,false
"burn","125m-h32","fused-tile",true,1,2048,16,"float32",0,0,"",true,true
"burn","125m-h32","fused-tile",true,2,2048,16,"bfloat16",0,0,"",true,true
"burn","125m-h32","fused-tile",true,2,2048,16,"float32",0,0,"",true,true
"burn","125m-h32","fused-tile",true,4,2048,16,"bfloat16",0,0,"",true,true
"burn","125m-h32","fused-tile",true,4,2048,16,"float32",0,0,"",true,true
"burn","125m-h32","fused-tile",true,8,2048,16,"bfloat16",0,0,"",true,true
"burn","125m-h32","fused-tile",true,8,2048,16,"float32",0,0,"",true,true
"burn","125m-h32","fused-tile",true,16,2048,16,"bfloat16",0,0,"",true,true
"burn","125m-h32","fused-tile",true,16,2048,16,"float32",0,0,"",true,true
"burn","125m-h32","fused-tile",false,1,2048,64,"float32",0,0,"",true,false
"burn","125m-h32","linear",true,1,2048,16,"bfloat16",0,0,"",true,false
"burn","125m-h32","linear",true,1,2048,16,"float32",0,0,"",true,false
"burn","125m-h32","mlp",true,1,2048,16,"float32",0,0,"",true,false
"burn","125m","fused-naive-multi",true,1,2048,16,"bfloat16",0,0,"",true,false
"burn","125m","fused-naive-multi",false,1,2048,32,"float32",0,0,"",true,false
"burn","125m","fused-naive-multi",false,1,2048,64,"float32",0,0,"",true,false
"burn","125m","fused-naive",false,1,2048,32,"float32",0,0,"",true,false
"burn","125m","fused-naive",false,1,2048,64,"float32",0,0,"",true,false
"burn","125m","fused-tile-multi",true,1,2048,16,"bfloat16",0,0,"",true,false
"burn","125m","fused-tile-multi",false,1,2048,32,"float32",0,0,"",true,false
"burn","125m","fused-tile-multi",false,1,2048,64,"float32",0,0,"",true,false
"burn","125m","fused-tile",true,1,512,16,"float32",0,0,"",true,false
"burn","125m","fused-tile",true,1,2048,16,"bfloat16",0,0,"",true,false
"burn","125m","fused-tile",true,1,2048,16,"float32",0,0,"",true,false
"burn","125m","fused-tile",true,1,2048,16,"float32",0,0,"",true,true
"burn","125m","fused-tile",true,2,2048,16,"bfloat16",0,0,"",true,true
"burn","125m","fused-tile",true,2,2048,16,"float32",0,0,"",true,true
"burn","125m","fused-tile",true,4,2048,16,"bfloat16",0,0,"",true,true
"burn","125m","fused-tile",true,4,2048,16,"float32",0,0,"",true,true
"burn","125m","fused-tile",true,8,2048,16,"bfloat16",0,0,"",true,true
"burn","125m","fused-tile",true,8,2048,16,"float32",0,0,"",true,true
"burn","125m","fused-tile",true,16,2048,16,"bfloat16",0,0,"",true,true
"burn","125m","fused-tile",true,16,2048,16,"float32",0,0,"",true,true
"burn","125m","fused-tile",false,1,2048,32,"float32",0,0,"",true,false
"burn","125m","fused-tile",false,1,2048,64,"float32",0,0,"",true,false
"burn","125m","linear",true,1,2048,16,"bfloat16",0,0,"",true,false
"burn","125m","linear",true,1,2048,16,"float32",0,0,"",true,false
"burn","125m","mlp",true,1,2048,16,"float32",0,0,"",true,false
"burn","350m","fused-naive-multi",true,1,1024,16,"bfloat16",0,0,"",true,false
"burn","350m","fused-naive-multi",true,1,2048,16,"bfloat16",0,0,"",true,false
"burn","350m","fused-tile",true,1,2048,16,"float32",0,0,"",true,false
"burn","350m","linear",true,1,2048,16,"float32",0,0,"",true,false
"burn","350m","mlp",true,1,2048,16,"float32",0,0,"",true,false
"burn","760m","fused-naive-multi",false,1,512,16,"bfloat16",0,0,"",true,false
"burn","760m","fused-naive-multi",true,1,512,16,"bfloat16",0,0,"",true,false
"burn","760m","fused-naive-multi",false,1,512,16,"float32",0,0,"",true,false
"burn","760m","fused-naive-multi",true,1,512,16,"float32",0,0,"",true,false
"burn","760m","fused-naive-multi",true,1,1024,16,"bfloat16",0,0,"",true,false
"burn","760m","fused-naive-multi",true,1,1024,16,"float32",0,0,"",true,false
"burn","760m","fused-naive-multi",true,1,2048,16,"bfloat16",0,0,"",true,false
"burn","760m","fused-naive-multi",false,1,2048,16,"float32",0,0,"",true,false
"burn","760m","fused-naive-multi",true,1,2048,16,"float32",0,0,"",true,false
"burn","760m","fused-naive",false,1,512,16,"bfloat16",0,0,"",true,false
"burn","760m","fused-naive",false,1,512,16,"float32",0,0,"",true,false
"burn","760m","fused-naive",false,1,2048,16,"float32",0,0,"",true,false
"burn","760m","fused-naive",true,1,2048,16,"float32",0,0,"",true,false
"burn","760m","fused-tile-multi",false,1,512,16,"bfloat16",0,0,"",true,false
"burn","760m","fused-tile-multi",false,1,512,16,"float32",0,0,"",true,false
"burn","760m","fused-tile-multi",true,1,2048,16,"bfloat16",0,0,"",true,false
"burn","760m","fused-tile-multi",false,1,2048,16,"float32",0,0,"",true,false
"burn","760m","fused-tile-multi",true,1,2048,16,"float32",0,0,"",true,false
"burn","760m","fused-tile",false,1,512,16,"bfloat16",0,0,"",true,false
"burn","760m","fused-tile",false,1,512,16,"float32",0,0,"",true,false
"burn","760m","fused-tile",false,1,2048,16,"float32",0,0,"",true,false
"burn","760m","fused-tile",true,1,2048,16,"float32",0,0,"",true,false
"burn","760m","linear",true,1,2048,16,"float32",0,0,"",true,false
"burn","760m","mlp",true,1,2048,16,"float32",0,0,"",true,false
"jax","1b","linear",true,1,512,16,"float32",0,0,"",true,false
"jax","1b","linear",true,1,1024,16,"float32",0,0,"",true,false
"jax","1b","linear",true,1,2048,16,"float32",0,0,"",true,false
"jax","1b","mlp",true,1,2048,16,"float32",0,0,"",true,false
"jax","760m","linear",true,1,2048,16,"float32",0,0,"",true,false
"jax","760m","mlp",true,1,2048,16,"float32",0,0,"",true,false
"kernels","125m-h32","linear",false,1,2048,16,"bfloat16",0,0,"",true,true
"kernels","125m-h32","linear",false,1,2048,16,"float32",0,0,"",true,true
"kernels","125m-h32","linear",false,2,2048,16,"bfloat16",0,0,"",true,true
"kernels","125m-h32","linear",false,2,2048,16,"float32",0,0,"",true,true
"kernels","125m-h32","linear",false,4,2048,16,"bfloat16",0,0,"",true,true
"kernels","125m-h32","linear",false,4,2048,16,"float32",0,0,"",true,true
"kernels","125m-h32","linear",false,8,2048,16,"bfloat16",0,0,"",true,true
"kernels","125m-h32","linear",false,8,2048,16,"float32",0,0,"",true,true
"kernels","125m-h32","linear",false,16,2048,16,"bfloat16",0,0,"",true,true
"kernels","125m-h32","linear",false,16,2048,16,"float32",0,0,"",true,true
"kernels","125m","linear",false,1,2048,16,"bfloat16",0,0,"",true,true
"kernels","125m","linear",false,1,2048,16,"float32",0,0,"",true,true
"kernels","125m","linear",false,2,2048,16,"bfloat16",0,0,"",true,true
"kernels","125m","linear",false,2,2048,16,"float32",0,0,"",true,true
"kernels","125m","linear",false,4,2048,16,"bfloat16",0,0,"",true,true
"kernels","125m","linear",false,4,2048,16,"float32",0,0,"",true,true
"kernels","125m","linear",false,8,2048,16,"bfloat16",0,0,"",true,true
"kernels","125m","linear",false,8,2048,16,"float32",0,0,"",true,true
"kernels","125m","linear",false,16,2048,16,"bfloat16",0,0,"",true,true
"kernels","125m","linear",false,16,2048,16,"float32",0,0,"",true,true
"pytorch","1b","linear",true,1,1024,16,"float32",0,0,"",true,false
"pytorch","1b","linear",true,1,2048,16,"float32",0,0,"",true,false
"pytorch","1b","mlp",true,1,2048,16,"float32",0,0,"",true,false
"pytorch","350m","mlp",true,1,2048,16,"float32",0,0,"",true,false
"pytorch","760m","mlp",true,1,2048,16,"float32",0,0,"",true,false
